ESP32-S3引脚,模块引脚,功能,备注
3V3,ILI9341 VCC,显示屏供电,确认模块支持3.3V
GND,ILI9341 GND,公共地,
GPIO12,ILI9341 SCK,SPI时钟,
GPIO11,ILI9341 MOSI,SPI数据,
GPIO10,ILI9341 CS,片选,
GPIO9,ILI9341 DC,数据/命令,
GPIO8,ILI9341 RST,复位,
3V3,PN532 VCC,NFC供电,禁止接5V模块的5V逻辑输出
GND,PN532 GND,公共地,
GPIO12,PN532 SCK,共享SPI时钟,
GPIO11,PN532 MOSI,共享SPI数据,
GPIO13,PN532 MISO,SPI返回,
GPIO14,PN532 SS,NFC片选,
GPIO4,按键1,理解,使用INPUT_PULLUP并接地触发
GPIO5,按键2,需要帮助,使用INPUT_PULLUP并接地触发
GPIO6,按键3,任务完成,使用INPUT_PULLUP并接地触发
GPIO7,按键4,匿名求助,使用INPUT_PULLUP并接地触发
GPIO17,WS2812 DIN,状态灯数据,建议串联330欧电阻
GPIO18,蜂鸣器SIG,提示音,默认关闭并限制音量

