文件,名称,数量,打印包络 mm,备注
01_base_tray,底座电子仓,1,124.00 × 124.00 × 26.00,底面向下；通用电源开口 14×9，后续需匹配接头。
02_base_lid,底座上盖,1,124.00 × 124.00 × 5.80,定位圈径向间隙约 0.5 mm；四角 M3 固定。
03_electronics_plate,通用电子安装板,1,90.00 × 54.00 × 2.60,扎带 / M3 长孔固定；需按选定电路板增补绝缘支座。
04_leg_L,固定空心腿 L,1,30.00 × 30.00 × 26.00,M3 贯穿螺栓；中孔可走线；本版不作为运动关节。
04_leg_R,固定空心腿 R,1,30.00 × 30.00 × 26.00,M3 贯穿螺栓；中孔可走线；本版不作为运动关节。
05_torso_front,躯干前壳,1,78.00 × 66.00 × 30.80,开口面放置；根据切片预览添加可拆支撑。
06_torso_back,躯干后壳,1,78.00 × 66.00 × 30.80,后方披风螺母从内侧装入后合壳。
07_load_chassis,承重骨架与转头轴承座,1,70.00 × 38.00 × 54.00,625 轴承位 16.20；上下轴承组合；打印配合试片后再决定孔径。
08_yaw_fork,转头平台与点头 U 架,1,96.00 × 84.20 × 24.00,5 mm 钢轴夹紧；U 架两侧装 625 轴承；姿态范围仍须台架验证。
09_head_cradle,头部承重托架,1,76.00 × 26.00 × 44.50,倒置平放；5 mm 横轴与夹紧螺栓；显示屏不承受头部重量。
10_head_front,空心头壳前半,1,120.00 × 89.98 × 43.80,无实心面罩、无眼睛；后续以窗口和内部空间校核实际屏幕。
11_head_back,空心头壳后半,1,120.00 × 99.48 × 43.80,螺钉维护后盖；有通风孔；装入 M3 螺母后合壳。
12_open_face_bezel,开窗面框,1,101.00 × 79.00 × 4.00,窗口 62×47；这是通用试样窗口，不保证适配未选定的屏幕。
13_screen_carrier,独立屏幕承托框,1,100.00 × 78.00 × 4.00,由 M3 螺杆、螺母及软垫调节深度；真实显示模块不可导出打印。
14_pitch_retainer_L,点头轴承压盖 L,1,38.00 × 22.00 × 2.00,
14_pitch_retainer_R,点头轴承压盖 R,1,38.00 × 22.00 × 2.00,
15_shoulder_fork_L,肩部固定叉架 L,1,31.00 × 28.00 × 40.00,两侧 625 轴承承托 5 mm 肩轴；接口留给后续电机转接。
16_arm_L,空心活动臂 L,1,19.00 × 14.00 × 53.48,5 mm 钢轴夹紧；本版肘腕固定；使用动作范围试验，不安装未知舵机。
17_shoulder_retainer_L_front,肩部轴承压盖 L front,1,22.00 × 38.00 × 2.00,
17_shoulder_retainer_L_back,肩部轴承压盖 L back,1,22.00 × 38.00 × 2.00,
15_shoulder_fork_R,肩部固定叉架 R,1,31.00 × 28.00 × 40.00,两侧 625 轴承承托 5 mm 肩轴；接口留给后续电机转接。
16_arm_R,空心活动臂 R,1,19.00 × 14.00 × 53.48,5 mm 钢轴夹紧；本版肘腕固定；使用动作范围试验，不安装未知舵机。
17_shoulder_retainer_R_front,肩部轴承压盖 R front,1,22.00 × 38.00 × 2.00,
17_shoulder_retainer_R_back,肩部轴承压盖 R back,1,22.00 × 38.00 × 2.00,
18_cape,可拆披风,1,96.00 × 49.00 × 11.00,后置结构，避开肩臂活动区；两颗 M3 螺钉和支座固定。
19_motor_adapter_template,电机转接空白模板,4,48.00 × 46.00 × 4.00,仅为转接模板，不是已适配的舵机支架；器件冻结后再加工。
20_screen_spacer_3mm,屏幕调距垫柱 3 mm,4,8.00 × 8.00 × 3.00,试装用；按真实模块厚度选配，不压玻璃。
20_screen_spacer_6mm,屏幕调距垫柱 6 mm,4,8.00 × 8.00 × 6.00,试装用；按真实模块厚度选配，不压玻璃。
20_screen_spacer_9mm,屏幕调距垫柱 9 mm,4,8.00 × 8.00 × 9.00,试装用；按真实模块厚度选配，不压玻璃。
21_bearing_fit_coupon,轴承配合测试片,1,106.00 × 40.00 × 6.00,从左到右 16.0 / 16.1 / 16.2 / 16.3 / 16.4 mm；刻痕 1–5 对应。
22_shaft_fit_coupon,钢轴配合测试片,1,72.00 × 30.00 × 6.00,刻痕 1–5 对应 5.0 / 5.1 / 5.2 / 5.3 / 5.4 mm。
